<?xml version="1.0" encoding="utf-8"?>

<extension
	type="module"
	version="3.0"
	client="site"
	method="upgrade">
	<name>Foo Module</name>
	<description>My first module</description>

	<files>
		<folder>tmpl</folder>
		<filename module="mod_foo">mod_foo.php</filename>
		<filename>helper.php</filename>
		<filename>index.html</filename>
	</files>

	<languages folder="language">
		<language tag="en-GB">en-GB/en-GB.mod_foo.ini</language>
		<language tag="en-GB">en-GB/en-GB.mod_foo.sys.ini</language>
	</languages>

	<config>
		<fields name="params">
			<fieldset name="basic">
				
				<field
					type="text"
					name="foo_text"
					label="COM_GOODCOOK_FOO_TEXT_FIELD_LABEL" 
 					description="COM_GOODCOOK_FOO_TEXT_FIELD_DESC"
                    maxlength="35"
                    size="10"
                    default="Hello, World!"
                    filter="safehtml"
                    class="foo_text_field"
                    readonly="false"
                    diabled="false"                   
                />

				<field
					type="textarea"
					name="foo_textarea"
					label="COM_GOODCOOK_FOO_TEXTAREA_FIELD_LABEL"
                    description="COM_GOODCOOK_FOO_TEXTAREA_FIELD_DESC"
                    default="Lorem ipsum dolor sit amet, consectetur adipiscing elit."
                    rows="5"
                    cols="25"
                    class="foo_textarea_field"
                    filter="safehtml"                    
                />

				<field
					type="editor"
					name="foo_editor"
					label="COM_GOODCOOK_FOO_EDITOR_FIELD_LABEL"
                    default="Fusce id neque justo, a suscipit dui."
                    width="5"
                    height="25"
                    rows="5"
                    cols="25"
                    filter="raw"
                    editor="tinymce|codemirror"
                    buttons="image"
                    hide="pagebreak"                    
                />
	
				<field 
					name="recipe" 
					type="sql" 
					label="Select a recipe" 
					query="SELECT id, title FROM #__goodcook_recipes" 
					key_field="id" 
					value_field="title" 
				/>
		
			</fieldset>
			<fieldset name="advanced">
				<field 
					name="layout" 
					type="modulelayout"
					label="JFIELD_ALT_LAYOUT_LABEL" 
					description="JFIELD_ALT_MODULE_LAYOUT_DESC" 
				/>
	
				<field 
					name="moduleclass_sfx" 
					type="text"
					label="COM_MODULES_FIELD_MODULECLASS_SFX_LABEL"
					description="COM_MODULES_FIELD_MODULECLASS_SFX_DESC" 
				/>
			</fieldset>
	
		</fields>
	</config>
</extension>